EAM53234.1	2	23	10.303156	1.707893	NKSYEQTGNKGRIYNADQITIN
ADD45263.1	12	48	31.942782	12.953814	GRGDAKPEPVVRNDSSGPVGGNLYQGHTITVTNVHTA
EFH84762.1	4	33	18.293122	5.409799	NREKNVRNNSSVYGQNNAELQEITQTFNIN
ADN17025.1	15	43	17.824059	4.918318	AGNAQKNIFEGNTAPIIKDTSGNVTINYA
AEB69175.1	9	32	16.232425	7.575928	DQRGQKVIGQQINVAGDATLPPPP
EGX59654.1	69	96	6.299954	4.811845	PEHARGLAEVDAVVGRALIQARIRTSPQ
CCI22907.1	6	40	32.063924	7.861412	TDDKVRNSFETSGDNLQGNIQGNQGNIGDINQTYS
AFR28658.1	6	36	26.626495	8.004676	SRRLPGTIVNISGGTVGAIGDHNQVMMPRRT
EKU96908.1	50	89	25.875312	18.526154	QRSPKTSQVHQQVTGDRNPVIGVIETDSRVTIDQSIHHYG
EYU71350.1	2	24	18.486642	7.516982	TGSGNAVADNGGIAVSGIYNDHS
AKB28312.1	7	32	14.633669	6.671685	TSLDQKIIATNGSHIENVNQEIHIHS
KUP95585.1	3	29	18.128123	11.019829	GQQVAQALNSAQQAAQHSGVQVNTFIG
GAT68896.1	18	43	20.078400	9.908079	GADHVDFSSGTFHGLVAGTVNTVPAP
SCG45720.1	6	40	16.097835	9.136072	GRAGGDRFEARDRSTMFNAPDGTINVYQDGHGPRP
SCZ16690.1	2	19	2.843264	6.669738	VVQAGHVDKIVIAVDVGG
SHN33320.1	11	48	26.838039	7.327013	GPAPTPARSSGESAITVGDVSGILSIGDHNVNLLFTQG
OKK03112.1	18	57	39.434419	13.461449	PAGEAPGAPVTVGMDASASGRAQQAVIGQGVQHNHFYGAP
OLT24339.1	2	36	35.292858	14.341330	SGPSYDGDHVDFSGGSFHGRVVGTEVYHHAGPTPT
OOC54208.1	15	54	22.695637	18.953955	QRRTTHRGRDHVDQRGAQARRDVIGVVNNYVTVHEGAARS
BAY13572.1	78	113	34.099970	8.489800	EQTISGNDNVVQNIKGDNNIIVGRVEGSLTINYRRP
BAY19968.1	2	22	10.893660	7.738957	SNSSNKAYQQNHNQGQINNAD
PAC32595.1	3	32	26.478286	18.928843	NSANIQGEHNNTFQGITNSTIHNSVHHHHT
PKB37635.1	20	54	19.471929	10.946274	PGQGQRTGTSFAGASFERSQVLGSGTQTTKINVQA
PKT67324.1	28	67	29.290217	9.767178	GEGTPMSTQATNTGNATATGDGAIANTGILTIRRSSPQKP
PLS85529.1	6	39	16.854560	8.057164	GAGQFISGNFNAQADHGSSASVYINAFGDMAPRP
PSM41702.1	64	88	18.554121	6.938704	TALRDTLTGGGSAAVVQPQQISVQT
