PP_AIA58902.1	6	29	4.543891	0.571910	ISTTFAGAGNQGLQVGYNSGSIYV
PP_CEJ61224.1	4	40	1.983590	-0.225364	PGSKTETPAPSADFSKSENNGLQVGQNFGTMEASFYS
PP_CEO58318.1	7	25	4.411871	0.623745	FSGVNSGLQVGNNFGPITA
PP_GAM38537.1	34	43	1.742578	0.431087	SGINIAAGAS
PP_KFX51581.1	2	33	6.162653	2.772852	APTENHTTFSDSDNHGLQVGNNAGNIETHHHH
PP_KOS36644.1	1	28	3.219823	0.342912	MTMASTVSFSGSNYGLQVGDNRGQITTQ
PP_KOS40823.1	3	25	3.615803	0.729967	SNSFYGSNSGLQVGVNTGPINIA
PP_KUL81305.1	2	36	4.984165	1.318084	APAEYHATFSNSPNHGLQVGNNAGNIETHNYNYYP
PP_OAL07735.1	15	54	4.492853	1.581241	AVTNSTMAHSSITTTFTGPGNQGLQVGYNSGSLEAHFHAP
PP_OAL46892.1	4	31	5.629228	0.897670	PAVTTTFAGDGNRGLQVGYNSGSIHLAP
PP_OQE20484.1	2	33	2.388570	0.354501	AGASSVSFLGANYGLQVGHNYGSINAQFHLPP
PP_OTA82915.1	5	30	3.530077	1.921896	TRITFGDGNHGFQVGQNSGPITTNFN
PP_PCG88354.1	7	32	4.611686	2.112469	QTTFSNSRNYGLQVGHNAGNIETHHH
PP_PYI26279.1	2	28	5.137047	0.869540	ASNVIFGNTNSGLQIGINSGTVHWVNS
PP_XP_026629320.1	47	56	1.917660	0.509022	QGINIAAGAS
PP_XP_002339873.1	1	32	5.598193	0.744795	MAPDNTITFAGNNNQGFQLGVNQGTIGDIVYN
PP_XP_002340147.1	10	43	3.995190	0.082269	SIMASAEYNASFSGAHNYGLQAGYIAGNVHYYPT
PP_XP_003176011.1	4	31	4.906488	0.460417	PTISAVFSGNGNAGLQFGNNSGTLNYNP
PP_XP_007728687.1	6	27	4.585560	-0.278146	VQFSGDNNRGLQVGSNLGMINY
PP_XP_007779053.1	11	34	4.534265	0.650550	SGDNNRGFQQGINYGKIYNTFGDR
PP_XP_007787281.1	28	62	4.904232	0.640086	QAKILDMGHNATFSGDRNQGLQVGISSGTINNVFN
PP_XP_025428448.1	4	36	2.928987	-0.211264	TVAPAPASASFNNSTNSGLQLGQNYGSMEASFY
