PP_AIA58902.1	11	40	3.328036	0.963034	AGAGNQGLQVGYNSGSIYVAAVGKASRDSP
PP_CEJ61224.1	13	42	2.524379	-0.161000	PSADFSKSENNGLQVGQNFGTMEASFYSDS
PP_CEO58318.1	2	24	6.389258	1.326171	TSSASFSGVNSGLQVGNNFGPIT
PP_GAM38537.1	3	27	1.682648	-0.584293	PSADFSQSENKGLQMGQNYGNLEAS
PP_KFX51581.1	2	33	6.071607	3.047464	APTENHTTFSDSDNHGLQVGNNAGNIETHHHH
PP_KOS36644.1	6	28	5.475609	1.241344	TVSFSGSNYGLQVGDNRGQITTQ
PP_KOS40823.1	4	23	5.743770	0.827537	NSFYGSNSGLQVGVNTGPIN
PP_KUL81305.1	2	32	4.588697	1.649022	APAEYHATFSNSPNHGLQVGNNAGNIETHNY
PP_OAL07735.1	15	53	4.766484	2.092313	AVTNSTMAHSSITTTFTGPGNQGLQVGYNSGSLEAHFHA
PP_OAL46892.1	4	31	3.062779	1.171888	PAVTTTFAGDGNRGLQVGYNSGSIHLAP
PP_OQE20484.1	2	33	3.372275	0.427037	AGASSVSFLGANYGLQVGHNYGSINAQFHLPP
PP_OTA82915.1	2	27	5.569986	2.340756	SDHTRITFGDGNHGFQVGQNSGPITT
PP_PCG88354.1	2	35	5.474507	1.688350	APAEYQTTFSNSRNYGLQVGHNAGNIETHHHYAA
PP_PYI26279.1	4	24	4.224504	1.377107	NVIFGNTNSGLQIGINSGTVH
PP_XP_026629320.1	47	62	1.647580	0.081598	QGINIAAGASVYMGER
PP_XP_002339873.1	3	27	3.563606	1.637462	PDNTITFAGNNNQGFQLGVNQGTIG
PP_XP_002340147.1	20	39	3.981675	0.469133	SFSGAHNYGLQAGYIAGNVH
PP_XP_003176011.1	4	42	4.101905	2.607782	PTISAVFSGNGNAGLQFGNNSGTLNYNPTNNNTTINNTT
PP_XP_007728687.1	6	26	3.451131	0.088912	VQFSGDNNRGLQVGSNLGMIN
PP_XP_007779053.1	11	33	2.660542	0.219818	SGDNNRGFQQGINYGKIYNTFGD
PP_XP_007787281.1	39	58	4.067665	1.040499	TFSGDRNQGLQVGISSGTIN
PP_XP_025428448.1	4	34	3.247484	0.909459	TVAPAPASASFNNSTNSGLQLGQNYGSMEAS
