Model	#pos	#neg	AUROC	AP	Rc|FPR1e-1	Rc|FPR1e-2	Rc|FPR1e-3
bass-model1	54.0	2411.0	0.9733628277800821	0.7227309804326874	0.9074074074074074	0.6666666666666666	0.48148148148148145
bass-model2	54.0	2411.0	0.9809668648324807	0.7359931948067022	0.9444444444444444	0.7407407407407407	0.24074074074074073
bass-model3	54.0	2411.0	0.9760895279352351	0.6110693146601703	0.9444444444444444	0.5185185185185185	0.3333333333333333
bass-model4	54.0	2411.0	0.9699602132202713	0.7049279707387606	0.8888888888888888	0.7222222222222222	0.46296296296296297
bass-model5	54.0	2411.0	0.9861821589320553	0.7776202085917395	0.9629629629629629	0.7777777777777778	0.5740740740740741
bass-model6	54.0	2411.0	0.9846459898305605	0.7072124750695452	0.9629629629629629	0.7037037037037037	0.42592592592592593
bass-model-avg	54.0	2411.0	0.9785345970884474	0.7099256907166008	0.9351851851851851	0.6882716049382717	0.4197530864197531
bass-modelcomb123456	54.0	2411.0	0.9916816443154063	0.8132137569141512	1.0	0.7592592592592593	0.6111111111111112
