Model	#pos	#neg	AUROC	AP	Rc|FPR1e-1	Rc|FPR1e-2	Rc|FPR1e-3	Rc|FPR1e-4	Rc|FPR1e-5
bass-model1	92.0	447236.0	0.9846240356710804	0.09164348746069151	0.9891304347826086	0.6956521739130435	0.34782608695652173	0.11956521739130435	0.043478260869565216
bass-model2	92.0	447236.0	0.9778759570377589	0.1448756455735509	0.9347826086956522	0.6956521739130435	0.42391304347826086	0.1956521739130435	0.07608695652173914
bass-model3	92.0	447236.0	0.9585377450753556	0.06483530152017343	0.8913043478260869	0.5652173913043478	0.31521739130434784	0.06521739130434782	0.043478260869565216
bass-model4	92.0	447236.0	0.9752008058579712	0.10612433952858999	0.9347826086956522	0.6847826086956522	0.3804347826086957	0.17391304347826086	0.043478260869565216
bass-model5	92.0	447236.0	0.978493603416074	0.15225574814192855	0.9456521739130435	0.7065217391304348	0.42391304347826086	0.21739130434782608	0.05434782608695652
bass-model6	92.0	447236.0	0.9621938854770576	0.19552466793754347	0.9021739130434783	0.6304347826086957	0.4673913043478261	0.29347826086956524	0.06521739130434782
bass-model-avg	92.0	447236.0	0.9728210054225497	0.12587653169374632	0.9329710144927535	0.6630434782608695	0.39311594202898553	0.17753623188405798	0.05434782608695652
bass-modelcomb123456	92.0	447236.0	0.9877155850407935	0.1855091649327661	0.9782608695652174	0.7391304347826086	0.4891304347826087	0.25	0.05434782608695652
