Model	#pos	#neg	AUROC	AP	Rc|FPR1e-1	Rc|FPR1e-2	Rc|FPR1e-3	Rc|FPR1e-4	Rc|FPR1e-5
bass-model1	181.0	447236.0	0.997576161971958	0.642942690423997	0.994475138121547	0.9613259668508287	0.7624309392265194	0.569060773480663	0.35359116022099446
bass-model2	181.0	447236.0	0.9983238977638909	0.7591239298903377	1.0	0.9723756906077348	0.8674033149171271	0.6740331491712708	0.48066298342541436
bass-model3	181.0	447236.0	0.9968261037506296	0.7213343592376804	0.994475138121547	0.9723756906077348	0.8674033149171271	0.6298342541436464	0.35359116022099446
bass-model4	181.0	447236.0	0.9967814711048523	0.7526640242516748	0.988950276243094	0.9558011049723757	0.9171270718232044	0.6574585635359116	0.4143646408839779
bass-model5	181.0	447236.0	0.9965945834819235	0.7158350705926837	0.988950276243094	0.9779005524861878	0.8453038674033149	0.6408839779005525	0.3812154696132597
bass-model6	181.0	447236.0	0.9953068025587638	0.7768324189376197	0.994475138121547	0.9723756906077348	0.9060773480662984	0.6850828729281768	0.46408839779005523
bass-model-avg	181.0	447236.0	0.9969015034386697	0.7281220822223321	0.9935543278084715	0.9686924493554327	0.8609576427255985	0.6427255985267035	0.40791896869244937
bass-modelcomb123456	181.0	447236.0	0.9986934481647842	0.8224503859974347	0.994475138121547	0.9834254143646409	0.9226519337016574	0.7513812154696132	0.5303867403314917
