Model	#pos	#neg	AUROC	AP	Rc|FPR1e-1	Rc|FPR1e-2	Rc|FPR1e-3	Rc|FPR1e-4	Rc|FPR1e-5
bass-model1	92.0	447236.0	0.97641853906915	0.05150252273586695	0.9782608695652174	0.6847826086956522	0.25	0.06521739130434782	0.021739130434782608
bass-model2	92.0	447236.0	0.9798997159169344	0.16447224001056965	0.9456521739130435	0.7282608695652174	0.4782608695652174	0.1956521739130435	0.07608695652173914
bass-model3	92.0	447236.0	0.9365750555003156	0.05525569625051895	0.8369565217391305	0.532608695652174	0.30434782608695654	0.07608695652173914	0.03260869565217391
bass-model4	92.0	447236.0	0.97028370781383	0.1138584928250792	0.9347826086956522	0.7282608695652174	0.41304347826086957	0.14130434782608695	0.021739130434782608
bass-model5	92.0	447236.0	0.9857107588756758	0.15907854301012098	0.9782608695652174	0.75	0.44565217391304346	0.22826086956521738	0.03260869565217391
bass-model6	92.0	447236.0	0.962056009627443	0.18866033154569034	0.9347826086956522	0.6521739130434783	0.4673913043478261	0.2608695652173913	0.05434782608695652
bass-model-avg	92.0	447236.0	0.9684906311338916	0.12213797106297435	0.9347826086956522	0.6793478260869565	0.39311594202898553	0.16123188405797104	0.03985507246376812
bass-modelcomb123456	92.0	447236.0	0.9901855872611951	0.1833750560495938	0.9891304347826086	0.7391304347826086	0.5108695652173914	0.2608695652173913	0.03260869565217391
