Model	#pos	#neg	AUROC	AP	Rc|FPR1e-1	Rc|FPR1e-2	Rc|FPR1e-3	Rc|FPR1e-4	Rc|FPR1e-5
bass-model1	92.0	447236.0	0.987597225198096	0.01833952136699562	1.0	0.5434782608695652	0.09782608695652174	0.021739130434782608	0.010869565217391304
bass-model2	92.0	447236.0	0.9893905226381792	0.0972358389777678	0.9782608695652174	0.7608695652173914	0.41304347826086957	0.13043478260869565	0.021739130434782608
bass-model3	92.0	447236.0	0.9255857451196858	0.012309988059339961	0.782608695652174	0.44565217391304346	0.13043478260869565	0.03260869565217391	0.0
bass-model4	92.0	447236.0	0.9848276048789726	0.0789968691127872	0.967391304347826	0.75	0.40217391304347827	0.09782608695652174	0.010869565217391304
bass-model5	92.0	447236.0	0.9912180885337457	0.14831435464492826	1.0	0.7282608695652174	0.532608695652174	0.22826086956521738	0.010869565217391304
bass-model6	92.0	447236.0	0.9330054854804797	0.05141602798513251	0.8478260869565217	0.4782608695652174	0.2717391304347826	0.09782608695652174	0.021739130434782608
bass-model-avg	92.0	447236.0	0.9686041119748597	0.06776876669115857	0.9293478260869564	0.6177536231884058	0.30797101449275366	0.10144927536231885	0.012681159420289856
bass-modelcomb123456	92.0	447236.0	0.9937854520539103	0.09111183796310243	1.0	0.7934782608695652	0.44565217391304346	0.13043478260869565	0.021739130434782608
