Model	#pos	#neg	AUROC	AP	Rc|FPR1e-1	Rc|FPR1e-2	Rc|FPR1e-3	Rc|FPR1e-4	Rc|FPR1e-5
bass-model1	65.0	447236.0	0.9960103665798199	0.17067309086813384	1.0	0.8769230769230769	0.6307692307692307	0.24615384615384617	0.06153846153846154
bass-model2	65.0	447236.0	0.9956141551835995	0.21982287671171397	1.0	0.9384615384615385	0.6461538461538462	0.3076923076923077	0.1076923076923077
bass-model3	65.0	447236.0	0.993174176841413	0.10927070103757783	0.9846153846153847	0.8307692307692308	0.5230769230769231	0.09230769230769231	0.06153846153846154
bass-model4	65.0	447236.0	0.9947554448967574	0.1849906683907664	0.9846153846153847	0.8461538461538461	0.5538461538461539	0.2923076923076923	0.06153846153846154
bass-model5	65.0	447236.0	0.9964903403262568	0.23461349550082294	1.0	0.9230769230769231	0.6461538461538462	0.2923076923076923	0.09230769230769231
bass-model6	65.0	447236.0	0.9969483673049576	0.30478572634863005	1.0	0.9230769230769231	0.6307692307692307	0.38461538461538464	0.16923076923076924
bass-model-avg	65.0	447236.0	0.995498808522134	0.20402609314294085	0.9948717948717949	0.8897435897435898	0.6051282051282051	0.2692307692307692	0.09230769230769231
bass-modelcomb123456	65.0	447236.0	0.9969620926346235	0.27700168440345657	1.0	0.9076923076923077	0.6923076923076923	0.35384615384615387	0.06153846153846154
