Model	#pos	#neg	AUROC	AP	Rc|FPR1e-1	Rc|FPR1e-2	Rc|FPR1e-3	Rc|FPR1e-4	Rc|FPR1e-5
bass-model1	181.0	447236.0	0.9967460417032222	0.47416162273627566	0.994475138121547	0.9226519337016574	0.6464088397790055	0.39779005524861877	0.22099447513812154
bass-model2	181.0	447236.0	0.9987171912993493	0.7782667337626954	1.0	0.9779005524861878	0.8784530386740331	0.7292817679558011	0.425414364640884
bass-model3	181.0	447236.0	0.9943126730673151	0.6715623704375536	0.9779005524861878	0.9502762430939227	0.8453038674033149	0.574585635359116	0.30386740331491713
bass-model4	181.0	447236.0	0.9981755834696195	0.746334801238996	1.0	0.9723756906077348	0.8729281767955801	0.6629834254143646	0.43646408839779005
bass-model5	181.0	447236.0	0.9960407520144975	0.7111016958083023	0.988950276243094	0.9613259668508287	0.856353591160221	0.6408839779005525	0.3812154696132597
bass-model6	181.0	447236.0	0.9951862338837607	0.7667400736003016	0.994475138121547	0.9723756906077348	0.9005524861878453	0.7016574585635359	0.425414364640884
bass-model-avg	181.0	447236.0	0.996529745906294	0.6913612162640207	0.992633517495396	0.9594843462246779	0.8333333333333334	0.6178637200736649	0.36556169429097607
bass-modelcomb123456	181.0	447236.0	0.9986655172452983	0.8096920124200306	0.994475138121547	0.9834254143646409	0.9005524861878453	0.7624309392265194	0.46408839779005523
