Model	#pos	#neg	AUROC	AP	Rc|FPR1e-1	Rc|FPR1e-2	Rc|FPR1e-3
bass-model1	143.0	2411.0	0.9653337123266613	0.8762252726513864	0.9300699300699301	0.7762237762237763	0.7062937062937062
bass-model2	143.0	2411.0	0.9473392638054604	0.864910572652996	0.9090909090909091	0.7832167832167832	0.6923076923076923
bass-model3	143.0	2411.0	0.9572182276454364	0.8693348408885174	0.9090909090909091	0.8041958041958042	0.5594405594405595
bass-model4	143.0	2411.0	0.9571979244314375	0.8573328267859253	0.8741258741258742	0.8111888111888111	0.6573426573426573
bass-model5	143.0	2411.0	0.9539726138647748	0.8306471290989487	0.8951048951048951	0.7412587412587412	0.5524475524475524
bass-model6	143.0	2411.0	0.9593239609830236	0.8586354538510131	0.8951048951048951	0.7902097902097902	0.6503496503496503
bass-model-avg	143.0	2411.0	0.9567309505094657	0.8595143493214644	0.9020979020979021	0.7843822843822844	0.6363636363636364
bass-modelcomb123456	143.0	2411.0	0.9688780733990191	0.9070200811917501	0.9230769230769231	0.8741258741258742	0.7412587412587412
