Model	#pos	#neg	AUROC	AP	Rc|FPR1e-1	Rc|FPR1e-2	Rc|FPR1e-3
bass-model1	65.0	2411.0	0.981176020163992	0.8009827995947916	0.9692307692307692	0.7538461538461538	0.5846153846153846
bass-model2	65.0	2411.0	0.9850173882525604	0.8612279347937729	0.9692307692307692	0.8615384615384616	0.6923076923076923
bass-model3	65.0	2411.0	0.983951759563539	0.7599542632395073	0.9538461538461539	0.7076923076923077	0.36923076923076925
bass-model4	65.0	2411.0	0.9772836039945123	0.8124821333731657	0.9384615384615385	0.7692307692307693	0.4461538461538462
bass-model5	65.0	2411.0	0.9823692690552914	0.791047432680999	0.9538461538461539	0.7384615384615385	0.4153846153846154
bass-model6	65.0	2411.0	0.9904157228089207	0.8320552033665921	0.9692307692307692	0.8307692307692308	0.47692307692307695
bass-model-avg	65.0	2411.0	0.9833689606398025	0.8096249611748049	0.958974358974359	0.7769230769230769	0.49743589743589745
bass-modelcomb123456	65.0	2411.0	0.9890374246243181	0.8861194124150154	0.9692307692307692	0.9076923076923077	0.6
