Model	#pos	#neg	AUROC	AP	Rc|FPR1e-1	Rc|FPR1e-2	Rc|FPR1e-3
bass-model1	54.0	2411.0	0.9510422907353642	0.5836251266809345	0.7962962962962963	0.5185185185185185	0.3888888888888889
bass-model2	54.0	2411.0	0.956426563436103	0.6313254806138952	0.8333333333333334	0.6111111111111112	0.4074074074074074
bass-model3	54.0	2411.0	0.9092354486381862	0.48192539737740814	0.7407407407407407	0.4444444444444444	0.18518518518518517
bass-model4	54.0	2411.0	0.9260488194540455	0.5144346072318524	0.7592592592592593	0.4074074074074074	0.3333333333333333
bass-model5	54.0	2411.0	0.962056623193081	0.586281610634646	0.8518518518518519	0.5	0.2777777777777778
bass-model6	54.0	2411.0	0.9454813585879533	0.5994337104923516	0.8333333333333334	0.5740740740740741	0.3148148148148148
bass-model-avg	54.0	2411.0	0.9417151840074555	0.5661709888385146	0.8024691358024691	0.5092592592592593	0.31790123456790126
bass-modelcomb123456	54.0	2411.0	0.9580856260657173	0.6571199511546394	0.8888888888888888	0.6111111111111112	0.4074074074074074
