Model	#pos	#neg	AUROC	AP	Rc|FPR1e-1	Rc|FPR1e-2	Rc|FPR1e-3
bass-model1	67.0	2411.0	0.8580634777171794	0.4778806503520474	0.6716417910447762	0.40298507462686567	0.29850746268656714
bass-model2	67.0	2411.0	0.9004190990299437	0.6158813198063242	0.7761194029850746	0.5970149253731343	0.417910447761194
bass-model3	67.0	2411.0	0.8684945244742691	0.41302841908476023	0.6865671641791045	0.3880597014925373	0.13432835820895522
bass-model4	67.0	2411.0	0.9167682945702842	0.5179992784100258	0.7910447761194029	0.44776119402985076	0.23880597014925373
bass-model5	67.0	2411.0	0.9300407956071983	0.5721015736727648	0.7910447761194029	0.4925373134328358	0.3283582089552239
bass-model6	67.0	2411.0	0.9060524833319921	0.5756457332570291	0.7611940298507462	0.5373134328358209	0.29850746268656714
bass-model-avg	67.0	2411.0	0.896639779121811	0.528756162430492	0.7462686567164178	0.4776119402985075	0.28606965174129356
bass-modelcomb123456	67.0	2411.0	0.9432513913221119	0.67098784468196	0.835820895522388	0.6417910447761194	0.40298507462686567
