Model	#pos	#neg	AUROC	AP	Rc|FPR1e-1	Rc|FPR1e-2	Rc|FPR1e-3
bass-model1	44.0	2411.0	0.9502941065570679	0.6695838640891021	0.8863636363636364	0.6363636363636364	0.5454545454545454
bass-model2	44.0	2411.0	0.9517457863579805	0.7252368599254365	0.9090909090909091	0.7045454545454546	0.5454545454545454
bass-model3	44.0	2411.0	0.9466272010859319	0.6628618458933885	0.8636363636363636	0.6590909090909091	0.4090909090909091
bass-model4	44.0	2411.0	0.9284623505900984	0.5800001865513786	0.7954545454545454	0.5227272727272727	0.36363636363636365
bass-model5	44.0	2411.0	0.9486067644508126	0.6994073309595783	0.8863636363636364	0.6818181818181818	0.4318181818181818
bass-model6	44.0	2411.0	0.947456732400739	0.7004761824853027	0.9090909090909091	0.6590909090909091	0.6136363636363636
bass-model-avg	44.0	2411.0	0.945532156907105	0.6729277116506979	0.875	0.6439393939393939	0.48484848484848486
bass-modelcomb123456	44.0	2411.0	0.9610214546962784	0.7566376612771146	0.9090909090909091	0.75	0.6136363636363636
