Model	#pos	#neg	AUROC	AP	Rc|FPR1e-1	Rc|FPR1e-2	Rc|FPR1e-3	Rc|FPR1e-4	Rc|FPR1e-5
bass-model1	92.0	437236.0	0.9603581410815053	0.042777927488214525	0.8804347826086957	0.532608695652174	0.2717391304347826	0.06521739130434782	0.021739130434782608
bass-model2	92.0	437236.0	0.9844445388561426	0.08841557977056495	0.967391304347826	0.782608695652174	0.42391304347826086	0.08695652173913043	0.021739130434782608
bass-model3	92.0	437236.0	0.9964313869696079	0.31311352847546314	1.0	0.9130434782608695	0.5652173913043478	0.391304347826087	0.11956521739130435
bass-model4	92.0	437236.0	0.9368006836025675	0.0895660859111805	0.8478260869565217	0.6086956521739131	0.358695652173913	0.14130434782608695	0.03260869565217391
bass-model5	92.0	437236.0	0.9406418834798996	0.011540929943161115	0.8260869565217391	0.45652173913043476	0.14130434782608695	0.010869565217391304	0.0
bass-model6	92.0	437236.0	0.9672951096552375	0.06779679020319265	0.8695652173913043	0.6521739130434783	0.34782608695652173	0.13043478260869565	0.021739130434782608
bass-model-avg	92.0	437236.0	0.9643286239408267	0.10220180696529614	0.8985507246376812	0.6576086956521738	0.35144927536231885	0.13768115942028986	0.036231884057971016
bass-modelcomb123456	92.0	437236.0	0.9928998895035095	0.13718136826512412	0.9891304347826086	0.8260869565217391	0.532608695652174	0.18478260869565216	0.021739130434782608
