Model	#pos	#neg	AUROC	AP	Rc|FPR1e-1	Rc|FPR1e-2	Rc|FPR1e-3	Rc|FPR1e-4	Rc|FPR1e-5
bass-model1	78.0	437236.0	0.9751152988786669	0.06646819289073036	0.9358974358974359	0.6923076923076923	0.358974358974359	0.10256410256410256	0.01282051282051282
bass-model2	78.0	437236.0	0.985543965460418	0.15166863900902885	0.9615384615384616	0.8589743589743589	0.5769230769230769	0.20512820512820512	0.02564102564102564
bass-model3	78.0	437236.0	0.9839618092769709	0.08578041796058322	0.9615384615384616	0.7564102564102564	0.46153846153846156	0.1282051282051282	0.0
bass-model4	78.0	437236.0	0.9813875819219615	0.07647802465298266	0.9358974358974359	0.782051282051282	0.38461538461538464	0.15384615384615385	0.01282051282051282
bass-model5	78.0	437236.0	0.9950746689401557	0.18052266681801504	1.0	0.8717948717948718	0.5641025641025641	0.24358974358974358	0.038461538461538464
bass-model6	78.0	437236.0	0.9914175317161348	0.15558907257398463	0.9871794871794872	0.8717948717948718	0.5384615384615384	0.23076923076923078	0.038461538461538464
bass-model-avg	78.0	437236.0	0.985416809365718	0.11941783565088744	0.9636752136752137	0.8055555555555555	0.48076923076923067	0.17735042735042736	0.021367521367521364
bass-modelcomb123456	78.0	437236.0	0.9945821666219804	0.2068184877966991	0.9871794871794872	0.9102564102564102	0.5512820512820513	0.21794871794871795	0.08974358974358974
