Model	#pos	#neg	AUROC	AP	Rc|FPR1e-1	Rc|FPR1e-2	Rc|FPR1e-3	Rc|FPR1e-4	Rc|FPR1e-5
bass-model1	67.0	437236.0	0.9789809198980352	0.05738015920736419	0.9253731343283582	0.6268656716417911	0.3582089552238806	0.1044776119402985	0.014925373134328358
bass-model2	67.0	437236.0	0.9797991876513835	0.1668570743338905	0.9402985074626866	0.7164179104477612	0.5373134328358209	0.22388059701492538	0.08955223880597014
bass-model3	67.0	437236.0	0.9803219252610326	0.0597912632783332	0.9402985074626866	0.6567164179104478	0.3283582089552239	0.11940298507462686	0.014925373134328358
bass-model4	67.0	437236.0	0.987232107855821	0.08019459045331723	0.9552238805970149	0.7164179104477612	0.40298507462686567	0.19402985074626866	0.014925373134328358
bass-model5	67.0	437236.0	0.9888286021429323	0.1272306735197947	0.9701492537313433	0.7761194029850746	0.417910447761194	0.22388059701492538	0.0
bass-model6	67.0	437236.0	0.985302994946682	0.0997104287692511	0.9850746268656716	0.7313432835820896	0.44776119402985076	0.16417910447761194	0.014925373134328358
bass-model-avg	67.0	437236.0	0.9834109562926479	0.09852736492699181	0.9527363184079602	0.7039800995024875	0.4154228855721393	0.17164179104477614	0.02487562189054726
bass-modelcomb123456	67.0	437236.0	0.9898945246687365	0.1406028730180463	0.9850746268656716	0.8208955223880597	0.44776119402985076	0.19402985074626866	0.04477611940298507
