Model	#pos	#neg	AUROC	AP	Rc|FPR1e-1	Rc|FPR1e-2	Rc|FPR1e-3	Rc|FPR1e-4	Rc|FPR1e-5
bass-model1	92.0	437236.0	0.9419463973689266	0.07771894626955077	0.8152173913043478	0.5760869565217391	0.31521739130434784	0.14130434782608695	0.021739130434782608
bass-model2	92.0	437236.0	0.9734255045628527	0.11371848377202051	0.9239130434782609	0.6847826086956522	0.44565217391304346	0.14130434782608695	0.010869565217391304
bass-model3	92.0	437236.0	0.9700364533013114	0.2514460608505664	0.8913043478260869	0.6630434782608695	0.45652173913043476	0.31521739130434784	0.10869565217391304
bass-model4	92.0	437236.0	0.9554967230909424	0.2015584327944347	0.8586956521739131	0.6304347826086957	0.43478260869565216	0.25	0.07608695652173914
bass-model5	92.0	437236.0	0.9644441097773484	0.08585540488267894	0.8804347826086957	0.5543478260869565	0.34782608695652173	0.14130434782608695	0.010869565217391304
bass-model6	92.0	437236.0	0.9651191382268137	0.1042495534406191	0.8913043478260869	0.6195652173913043	0.358695652173913	0.17391304347826086	0.03260869565217391
bass-model-avg	92.0	437236.0	0.9617447210546991	0.13909114700164507	0.8768115942028984	0.6213768115942029	0.39311594202898553	0.19384057971014493	0.043478260869565216
bass-modelcomb123456	92.0	437236.0	0.97568947940561	0.22943348272801947	0.9130434782608695	0.6847826086956522	0.4673913043478261	0.2826086956521739	0.09782608695652174
