Model	#pos	#neg	AUROC	AP	Rc|FPR1e-1	Rc|FPR1e-2	Rc|FPR1e-3	Rc|FPR1e-4	Rc|FPR1e-5
bass-model1	92.0	437236.0	0.9497416229699054	0.08801108065646823	0.9021739130434783	0.5978260869565217	0.32608695652173914	0.14130434782608695	0.03260869565217391
bass-model2	92.0	437236.0	0.9759309916005962	0.11545615610485549	0.9239130434782609	0.6739130434782609	0.44565217391304346	0.18478260869565216	0.021739130434782608
bass-model3	92.0	437236.0	0.9666009765097507	0.17933137464504018	0.8913043478260869	0.6304347826086957	0.3695652173913043	0.1956521739130435	0.09782608695652174
bass-model4	92.0	437236.0	0.9569625765729143	0.16538799666645568	0.8369565217391305	0.6195652173913043	0.40217391304347827	0.21739130434782608	0.08695652173913043
bass-model5	92.0	437236.0	0.967802757599418	0.09538560245133372	0.9239130434782609	0.6086956521739131	0.3695652173913043	0.15217391304347827	0.010869565217391304
bass-model6	92.0	437236.0	0.9781415429017142	0.09646339288346359	0.9456521739130435	0.6630434782608695	0.34782608695652173	0.14130434782608695	0.03260869565217391
bass-model-avg	92.0	437236.0	0.96586341135905	0.12333926723460283	0.9039855072463769	0.6322463768115942	0.3768115942028986	0.1721014492753623	0.04710144927536231
bass-modelcomb123456	92.0	437236.0	0.9807040084212804	0.18952157186601062	0.9565217391304348	0.6630434782608695	0.45652173913043476	0.25	0.08695652173913043
