Model	#pos	#neg	AUROC	AP	Rc|FPR1e-1	Rc|FPR1e-2	Rc|FPR1e-3	Rc|FPR1e-4	Rc|FPR1e-5
bass-model1	181.0	437236.0	0.9983665470823776	0.6254936898930398	1.0	0.9668508287292817	0.7955801104972375	0.4972375690607735	0.3812154696132597
bass-model2	181.0	437236.0	0.997298385553974	0.7119017702223934	0.994475138121547	0.9447513812154696	0.8176795580110497	0.6519337016574586	0.4419889502762431
bass-model3	181.0	437236.0	0.9972022896822121	0.752971477323259	0.994475138121547	0.9668508287292817	0.8674033149171271	0.7016574585635359	0.39779005524861877
bass-model4	181.0	437236.0	0.9989685962481847	0.7788092177828583	1.0	0.9723756906077348	0.8950276243093923	0.6850828729281768	0.47513812154696133
bass-model5	181.0	437236.0	0.9948082325693461	0.5936878528484257	0.988950276243094	0.9668508287292817	0.7624309392265194	0.4972375690607735	0.24861878453038674
bass-model6	181.0	437236.0	0.9959447542116527	0.6894247323853531	0.994475138121547	0.9613259668508287	0.8397790055248618	0.6022099447513812	0.4088397790055249
bass-model-avg	181.0	437236.0	0.9970981342246246	0.6920481234092216	0.9953959484346225	0.9631675874769797	0.8296500920810312	0.6058931860036832	0.3922651933701657
bass-modelcomb123456	181.0	437236.0	0.9992522464952995	0.8053224232038252	1.0	0.9834254143646409	0.9226519337016574	0.7016574585635359	0.5193370165745856
