Model	#pos	#neg	AUROC	AP	Rc|FPR1e-1	Rc|FPR1e-2	Rc|FPR1e-3	Rc|FPR1e-4	Rc|FPR1e-5
bass-model1	181.0	437236.0	0.9921943364062615	0.528117408218991	0.9834254143646409	0.9005524861878453	0.7237569060773481	0.4585635359116022	0.23204419889502761
bass-model2	181.0	437236.0	0.9959104225241344	0.6453792556788291	0.988950276243094	0.9281767955801105	0.7734806629834254	0.5524861878453039	0.3370165745856354
bass-model3	181.0	437236.0	0.9983416923052896	0.7738224341444601	0.994475138121547	0.9779005524861878	0.8839779005524862	0.7403314917127072	0.4088397790055249
bass-model4	181.0	437236.0	0.9941840579766548	0.6172114107741111	0.988950276243094	0.9281767955801105	0.7679558011049724	0.574585635359116	0.32044198895027626
bass-model5	181.0	437236.0	0.9906647756987149	0.19138923119389023	0.9834254143646409	0.7513812154696132	0.43646408839779005	0.18232044198895028	0.0055248618784530384
bass-model6	181.0	437236.0	0.9915699217318393	0.599357951212254	0.9834254143646409	0.9116022099447514	0.7624309392265194	0.5359116022099447	0.287292817679558
bass-model-avg	181.0	437236.0	0.9938108677738158	0.5592129485370892	0.9871086556169429	0.8996316758747698	0.7246777163904236	0.5073664825046039	0.2651933701657459
bass-modelcomb123456	181.0	437236.0	0.998422688299766	0.7087502735741034	1.0	0.9613259668508287	0.850828729281768	0.6298342541436464	0.4143646408839779
