Model	#pos	#neg	AUROC	AP	Rc|FPR1e-1	Rc|FPR1e-2	Rc|FPR1e-3	Rc|FPR1e-4	Rc|FPR1e-5
bass-model1	181.0	437236.0	0.9952371448995344	0.5412271612122745	0.988950276243094	0.9281767955801105	0.712707182320442	0.46408839779005523	0.26519337016574585
bass-model2	181.0	437236.0	0.9952569453243931	0.6205598048644795	0.988950276243094	0.9281767955801105	0.7403314917127072	0.5303867403314917	0.3425414364640884
bass-model3	181.0	437236.0	0.9944862703323322	0.5847316406954558	0.9834254143646409	0.9502762430939227	0.7569060773480663	0.5027624309392266	0.22099447513812154
bass-model4	181.0	437236.0	0.9970456679425032	0.6081501949199123	0.994475138121547	0.9337016574585635	0.7790055248618785	0.5193370165745856	0.35359116022099446
bass-model5	181.0	437236.0	0.994369653790519	0.5291451441294858	0.9834254143646409	0.9005524861878453	0.6906077348066298	0.44751381215469616	0.19337016574585636
bass-model6	181.0	437236.0	0.9927786637495641	0.6019781171455667	0.9834254143646409	0.9281767955801105	0.7513812154696132	0.5082872928176796	0.287292817679558
bass-model-avg	181.0	437236.0	0.9948623910064743	0.5809653438278625	0.9871086556169429	0.9281767955801105	0.7384898710865562	0.4953959484346225	0.2771639042357274
bass-modelcomb123456	181.0	437236.0	0.9979157494070361	0.6895754252779067	0.994475138121547	0.9668508287292817	0.850828729281768	0.580110497237569	0.4143646408839779
