Model	#pos	#neg	AUROC	AP	Rc|FPR1e-1	Rc|FPR1e-2	Rc|FPR1e-3	Rc|FPR1e-4	Rc|FPR1e-5
bass-model1	78.0	437236.0	0.9828847197699488	0.0739901612760142	0.9487179487179487	0.7307692307692307	0.48717948717948717	0.10256410256410256	0.01282051282051282
bass-model2	78.0	437236.0	0.9835536215729064	0.15681683143889263	0.9743589743589743	0.9102564102564102	0.5512820512820513	0.23076923076923078	0.0641025641025641
bass-model3	78.0	437236.0	0.9951463605525714	0.3468840174123115	0.9871794871794872	0.9487179487179487	0.7051282051282052	0.3974358974358974	0.10256410256410256
bass-model4	78.0	437236.0	0.9910223775178857	0.19893991771436448	0.9871794871794872	0.8589743589743589	0.5769230769230769	0.2948717948717949	0.07692307692307693
bass-model5	78.0	437236.0	0.9906534662616047	0.1593501967510341	0.9871794871794872	0.9102564102564102	0.5641025641025641	0.21794871794871795	0.02564102564102564
bass-model6	78.0	437236.0	0.9911800257608928	0.16245037589951808	0.9743589743589743	0.8717948717948718	0.6410256410256411	0.20512820512820512	0.038461538461538464
bass-model-avg	78.0	437236.0	0.9890734285726349	0.18307191674868917	0.9764957264957266	0.8717948717948717	0.5876068376068375	0.24145299145299146	0.053418803418803416
bass-modelcomb123456	78.0	437236.0	0.9958158781117091	0.2911029439698306	0.9871794871794872	0.9230769230769231	0.7692307692307693	0.28205128205128205	0.05128205128205128
