Model	#pos	#neg	AUROC	AP	Rc|FPR1e-1	Rc|FPR1e-2	Rc|FPR1e-3	Rc|FPR1e-4	Rc|FPR1e-5
bass-model1	143.0	437236.0	0.9942726038655926	0.5298100920873613	0.986013986013986	0.916083916083916	0.7202797202797203	0.4405594405594406	0.27972027972027974
bass-model2	143.0	437236.0	0.9887764121816214	0.6126950840668169	0.958041958041958	0.8811188811188811	0.7412587412587412	0.5524475524475524	0.3776223776223776
bass-model3	143.0	437236.0	0.9923588016700203	0.5851472127460348	0.986013986013986	0.8951048951048951	0.7762237762237763	0.5384615384615384	0.2727272727272727
bass-model4	143.0	437236.0	0.9926511339158056	0.6075941901681442	0.986013986013986	0.8671328671328671	0.7762237762237763	0.6013986013986014	0.2727272727272727
bass-model5	143.0	437236.0	0.9920344740933622	0.5075109060067243	0.972027972027972	0.8811188811188811	0.6783216783216783	0.4825174825174825	0.1958041958041958
bass-model6	143.0	437236.0	0.9928092393111284	0.5621130267844012	0.9790209790209791	0.8741258741258742	0.7272727272727273	0.5034965034965035	0.26573426573426573
bass-model-avg	143.0	437236.0	0.9921504441729218	0.5674784186432471	0.9778554778554778	0.8857808857808857	0.7365967365967366	0.5198135198135198	0.2773892773892774
bass-modelcomb123456	143.0	437236.0	0.9929665130357662	0.6698216282733549	0.9790209790209791	0.916083916083916	0.8461538461538461	0.6013986013986014	0.43356643356643354
