Model	#pos	#neg	AUROC	AP	Rc|FPR1e-1	Rc|FPR1e-2	Rc|FPR1e-3	Rc|FPR1e-4	Rc|FPR1e-5
bass-model1	65.0	437236.0	0.9971516878404691	0.15066965164653212	1.0	0.9692307692307692	0.6923076923076923	0.18461538461538463	0.046153846153846156
bass-model2	65.0	437236.0	0.99732480329229	0.2830323511091623	1.0	0.9384615384615385	0.8153846153846154	0.36923076923076925	0.06153846153846154
bass-model3	65.0	437236.0	0.9979069215920711	0.3082935933518138	1.0	0.9230769230769231	0.6307692307692307	0.36923076923076925	0.13846153846153847
bass-model4	65.0	437236.0	0.9967403627120577	0.2977334236254318	1.0	0.9384615384615385	0.7538461538461538	0.4307692307692308	0.1076923076923077
bass-model5	65.0	437236.0	0.9972229044409744	0.19774188128089684	1.0	0.9538461538461539	0.6615384615384615	0.2923076923076923	0.015384615384615385
bass-model6	65.0	437236.0	0.9983404491290393	0.19946658534508416	1.0	0.9538461538461539	0.6923076923076923	0.26153846153846155	0.046153846153846156
bass-model-avg	65.0	437236.0	0.9974478548344835	0.23948958105982018	1.0	0.9461538461538462	0.7076923076923077	0.317948717948718	0.06923076923076923
bass-modelcomb123456	65.0	437236.0	0.9980493899791487	0.33165226125620983	1.0	0.9384615384615385	0.8	0.38461538461538464	0.1076923076923077
