Model	#pos	#neg	AUROC	AP	Rc|FPR1e-1	Rc|FPR1e-2	Rc|FPR1e-3	Rc|FPR1e-4	Rc|FPR1e-5
bass-model1	78.0	437236.0	0.9883759894028948	0.033376781611652764	0.9871794871794872	0.717948717948718	0.32051282051282054	0.05128205128205128	0.0
bass-model2	78.0	437236.0	0.9914468387781427	0.05517291360187577	0.9743589743589743	0.8205128205128205	0.3076923076923077	0.0641025641025641	0.02564102564102564
bass-model3	78.0	437236.0	0.9990586554090017	0.3358656999801245	1.0	1.0	0.7692307692307693	0.3974358974358974	0.08974358974358974
bass-model4	78.0	437236.0	0.9786384798117593	0.05503498707456017	0.9743589743589743	0.5897435897435898	0.2564102564102564	0.14102564102564102	0.01282051282051282
bass-model5	78.0	437236.0	0.9823752108525091	0.013024112118346374	0.9743589743589743	0.5897435897435898	0.14102564102564102	0.01282051282051282	0.0
bass-model6	78.0	437236.0	0.987700944698996	0.05389702267118293	0.9743589743589743	0.7435897435897436	0.2948717948717949	0.11538461538461539	0.01282051282051282
bass-model-avg	78.0	437236.0	0.9879326864922172	0.09106191950962374	0.9807692307692308	0.7435897435897436	0.3482905982905982	0.13034188034188032	0.023504273504273508
bass-modelcomb123456	78.0	437236.0	0.9981293034026569	0.12443511602994387	1.0	0.9358974358974359	0.6410256410256411	0.10256410256410256	0.01282051282051282
