Model	#pos	#neg	AUROC	AP	Rc|FPR1e-1	Rc|FPR1e-2	Rc|FPR1e-3
bass-model1	65.0	2511.0	0.979150200655577	0.7646536097546174	0.9384615384615385	0.7846153846153846	0.4153846153846154
bass-model2	65.0	2511.0	0.9764421162270625	0.7912640565606159	0.9538461538461539	0.8	0.3384615384615385
bass-model3	65.0	2511.0	0.960671506908066	0.7016344808094126	0.9230769230769231	0.7230769230769231	0.4
bass-model4	65.0	2511.0	0.9724351315749165	0.7260149567690579	0.9384615384615385	0.6615384615384615	0.5076923076923077
bass-model5	65.0	2511.0	0.9824587200931286	0.8137183914241545	0.9538461538461539	0.8153846153846154	0.6
bass-model6	65.0	2511.0	0.9826547805042429	0.8022298498710139	0.9692307692307692	0.7846153846153846	0.5230769230769231
bass-model-avg	65.0	2511.0	0.9756354093271655	0.7665858908648121	0.9461538461538462	0.7615384615384615	0.46410256410256406
bass-modelcomb123456	65.0	2511.0	0.9872683270532732	0.8539293630428024	0.9692307692307692	0.8307692307692308	0.6615384615384615
