Model	#pos	#neg	AUROC	AP	Rc|FPR1e-1	Rc|FPR1e-2	Rc|FPR1e-3
bass-model1	65.0	2411.0	0.9788150464218486	0.7651298635283963	0.9384615384615385	0.7692307692307693	0.4153846153846154
bass-model2	65.0	2411.0	0.9762307373257187	0.7919248576805407	0.9538461538461539	0.8	0.3384615384615385
bass-model3	65.0	2411.0	0.9602335449701689	0.7021573567571323	0.9076923076923077	0.7076923076923077	0.4
bass-model4	65.0	2411.0	0.972146890852822	0.7279668144793197	0.9384615384615385	0.6615384615384615	0.5076923076923077
bass-model5	65.0	2411.0	0.9822288868327856	0.8139232768369491	0.9384615384615385	0.7846153846153846	0.6
bass-model6	65.0	2411.0	0.9822480298631273	0.8025114919333458	0.9692307692307692	0.7846153846153846	0.5230769230769231
bass-model-avg	65.0	2411.0	0.9753171893777454	0.7672689435359472	0.9410256410256411	0.7512820512820513	0.46410256410256406
bass-modelcomb123456	65.0	2411.0	0.9869955013878697	0.8541151242124964	0.9692307692307692	0.8307692307692308	0.6615384615384615
