Model	#pos	#neg	AUROC	AP	Rc|FPR1e-1	Rc|FPR1e-2	Rc|FPR1e-3
bass-model1	54.0	2511.0	0.9737820257533519	0.722286937629858	0.9074074074074074	0.6851851851851852	0.48148148148148145
bass-model2	54.0	2511.0	0.9813044824992256	0.7353867978278509	0.9444444444444444	0.7777777777777778	0.24074074074074073
bass-model3	54.0	2511.0	0.9766730091301976	0.6104057057227995	0.9444444444444444	0.5370370370370371	0.3333333333333333
bass-model4	54.0	2511.0	0.9703821703025208	0.7037634053259363	0.8888888888888888	0.7222222222222222	0.46296296296296297
bass-model5	54.0	2511.0	0.9865554523061492	0.7774595647200426	0.9629629629629629	0.7962962962962963	0.5740740740740741
bass-model6	54.0	2511.0	0.9850583359145686	0.7068096700878744	0.9629629629629629	0.7037037037037037	0.42592592592592593
bass-model-avg	54.0	2511.0	0.9789592459843357	0.7093520135523935	0.9351851851851851	0.7037037037037037	0.4197530864197531
bass-modelcomb123456	54.0	2511.0	0.9919686711801408	0.8131225273259709	1.0	0.7592592592592593	0.6111111111111112
