Model	#pos	#neg	AUROC	AP	Rc|FPR1e-1	Rc|FPR1e-2	Rc|FPR1e-3
bass-model1	67.0	2411.0	0.9692763886911359	0.7440893881713319	0.8955223880597015	0.7014925373134329	0.4925373134328358
bass-model2	67.0	2411.0	0.9722168914861611	0.7342893154589418	0.8955223880597015	0.6865671641791045	0.2835820895522388
bass-model3	67.0	2411.0	0.9709478323851501	0.723883395169439	0.9253731343283582	0.6716417910447762	0.417910447761194
bass-model4	67.0	2411.0	0.9749778688473848	0.733909224701309	0.9253731343283582	0.6567164179104478	0.4626865671641791
bass-model5	67.0	2411.0	0.9774974154528064	0.7798680905633746	0.9552238805970149	0.6865671641791045	0.5373134328358209
bass-model6	67.0	2411.0	0.9664225533469112	0.6676500405304812	0.8805970149253731	0.6417910447761194	0.43283582089552236
bass-model-avg	67.0	2411.0	0.9718898250349248	0.7306149090991462	0.9129353233830845	0.6741293532338308	0.43781094527363185
bass-modelcomb123456	67.0	2411.0	0.9875879829388932	0.8369352746196871	0.9701492537313433	0.8208955223880597	0.582089552238806
