Model	#pos	#neg	AUROC	AP	Rc|FPR1e-1	Rc|FPR1e-2	Rc|FPR1e-3
bass-model1	143.0	2511.0	0.9924444333046484	0.9384167981012634	0.9790209790209791	0.8951048951048951	0.7272727272727273
bass-model2	143.0	2511.0	0.9874844390973423	0.9386914249253209	0.951048951048951	0.916083916083916	0.7272727272727273
bass-model3	143.0	2511.0	0.9929819284657995	0.9568640567967596	0.972027972027972	0.9370629370629371	0.8111888111888111
bass-model4	143.0	2511.0	0.9937171550074776	0.9554604931267273	0.9790209790209791	0.9300699300699301	0.8461538461538461
bass-model5	143.0	2511.0	0.9948617690553174	0.9593569401256534	0.986013986013986	0.9440559440559441	0.8111888111888111
bass-model6	143.0	2511.0	0.994240725423521	0.952908650875761	0.986013986013986	0.916083916083916	0.8391608391608392
bass-model-avg	143.0	2511.0	0.9926217417256843	0.950283060658581	0.9755244755244755	0.923076923076923	0.7937062937062938
bass-modelcomb123456	143.0	2511.0	0.9970089647509003	0.9738575216934697	0.986013986013986	0.958041958041958	0.8951048951048951
