Model	#pos	#neg	AUROC	AP	Rc|FPR1e-1	Rc|FPR1e-2	Rc|FPR1e-3
bass-model1	143.0	2411.0	0.9922934800578931	0.9386002256764377	0.9790209790209791	0.8881118881118881	0.7272727272727273
bass-model2	143.0	2411.0	0.9873481972196199	0.9390043027086675	0.951048951048951	0.916083916083916	0.7272727272727273
bass-model3	143.0	2411.0	0.992879372804715	0.9570505731365265	0.972027972027972	0.9370629370629371	0.8111888111888111
bass-model4	143.0	2411.0	0.9936044875903856	0.9558313600955847	0.9790209790209791	0.9300699300699301	0.8461538461538461
bass-model5	143.0	2411.0	0.9947646712474585	0.9594468092537246	0.986013986013986	0.9440559440559441	0.8111888111888111
bass-model6	143.0	2411.0	0.994120769317783	0.9531808003312406	0.986013986013986	0.916083916083916	0.8391608391608392
bass-model-avg	143.0	2411.0	0.9925018297063093	0.9505190118670304	0.9755244755244755	0.9219114219114218	0.7937062937062938
bass-modelcomb123456	143.0	2411.0	0.9969226128496141	0.9739447272185511	0.986013986013986	0.958041958041958	0.8951048951048951
