Model	#pos	#neg	AUROC	AP	Rc|FPR1e-1	Rc|FPR1e-2	Rc|FPR1e-3
bass-model1	44.0	2411.0	0.9670544097130576	0.7821438082770267	0.9318181818181818	0.7954545454545454	0.4772727272727273
bass-model2	44.0	2411.0	0.9679216469967196	0.6824519634492283	0.8636363636363636	0.7727272727272727	0.29545454545454547
bass-model3	44.0	2411.0	0.9635100486406998	0.7633430627693282	0.9090909090909091	0.7954545454545454	0.5681818181818182
bass-model4	44.0	2411.0	0.9702311375890803	0.782386086857526	0.9545454545454546	0.75	0.5909090909090909
bass-model5	44.0	2411.0	0.9776686399457034	0.7693151517482717	0.9545454545454546	0.7272727272727273	0.5909090909090909
bass-model6	44.0	2411.0	0.9530466422834735	0.6879927518799696	0.8409090909090909	0.6590909090909091	0.5454545454545454
bass-model-avg	44.0	2411.0	0.9665720875281223	0.744605470830225	0.9090909090909091	0.75	0.5113636363636364
bass-modelcomb123456	44.0	2411.0	0.9834470796727122	0.8240588134552803	0.9545454545454546	0.8181818181818182	0.6590909090909091
