Model	#pos	#neg	AUROC	AP	Rc|FPR1e-1	Rc|FPR1e-2	Rc|FPR1e-3
bass-model1	67.0	2511.0	0.9696737340775217	0.7436197645452399	0.8955223880597015	0.7164179104477612	0.4925373134328358
bass-model2	67.0	2511.0	0.972574403965834	0.7335963771223798	0.8955223880597015	0.7014925373134329	0.2835820895522388
bass-model3	67.0	2511.0	0.9713321088702247	0.7233877198450761	0.9253731343283582	0.6716417910447762	0.417910447761194
bass-model4	67.0	2511.0	0.9754156338974185	0.7322372469813307	0.9253731343283582	0.6567164179104478	0.4626865671641791
bass-model5	67.0	2511.0	0.977846728127582	0.7796307469766699	0.9552238805970149	0.7164179104477612	0.5373134328358209
bass-model6	67.0	2511.0	0.9669573280550652	0.6667858060974933	0.8805970149253731	0.6417910447761194	0.43283582089552236
bass-model-avg	67.0	2511.0	0.972299989498941	0.7298762769280317	0.9129353233830845	0.6840796019900498	0.43781094527363185
bass-modelcomb123456	67.0	2511.0	0.9878742488275469	0.8367374920425122	0.9701492537313433	0.8208955223880597	0.582089552238806
