Model	#pos	#neg	AUROC	AP	Rc|FPR1e-1	Rc|FPR1e-2	Rc|FPR1e-3
bass-model1	44.0	2511.0	0.967379892111075	0.7818950586951302	0.9318181818181818	0.7954545454545454	0.4772727272727273
bass-model2	44.0	2511.0	0.9683031027117048	0.6820023050955871	0.8863636363636364	0.7727272727272727	0.29545454545454547
bass-model3	44.0	2511.0	0.963786611636074	0.7629201649078358	0.9090909090909091	0.7954545454545454	0.5681818181818182
bass-model4	44.0	2511.0	0.9704210564425617	0.7810127348556044	0.9545454545454546	0.75	0.5909090909090909
bass-model5	44.0	2511.0	0.9778700988378408	0.7691205258203548	0.9545454545454546	0.7272727272727273	0.5909090909090909
bass-model6	44.0	2511.0	0.9536403461134644	0.687462879770128	0.8409090909090909	0.6590909090909091	0.5454545454545454
bass-model-avg	44.0	2511.0	0.96690018464212	0.7440689448574401	0.912878787878788	0.75	0.5113636363636364
bass-modelcomb123456	44.0	2511.0	0.9836808949712176	0.8238768725111724	0.9545454545454546	0.8181818181818182	0.6590909090909091
