Model	#pos	#neg	AUROC	AP	Rc|FPR1e-1	Rc|FPR1e-2	Rc|FPR1e-3	Rc|FPR1e-4	Rc|FPR1e-5
bass-model1	67.0	437336.0	0.9940113670584645	0.25607287562986714	0.9850746268656716	0.8656716417910447	0.6119402985074627	0.2835820895522388	0.13432835820895522
bass-model2	67.0	437336.0	0.9949204327749367	0.2119150385992832	1.0	0.8507462686567164	0.5671641791044776	0.26865671641791045	0.07462686567164178
bass-model3	67.0	437336.0	0.9950523372309251	0.10935277131696584	1.0	0.8805970149253731	0.5373134328358209	0.1791044776119403	0.014925373134328358
bass-model4	67.0	437336.0	0.9953687372856391	0.15435160489263558	1.0	0.8955223880597015	0.5522388059701493	0.208955223880597	0.04477611940298507
bass-model5	67.0	437336.0	0.9954805403898611	0.20537949223748952	0.9850746268656716	0.8955223880597015	0.5970149253731343	0.29850746268656714	0.08955223880597014
bass-model6	67.0	437336.0	0.9943643181280201	0.12140856816085492	1.0	0.7910447761194029	0.47761194029850745	0.14925373134328357	0.05970149253731343
bass-model-avg	67.0	437336.0	0.9948662888113078	0.17641339180618268	0.9950248756218905	0.86318407960199	0.5572139303482587	0.23134328358208955	0.06965174129353234
bass-modelcomb123456	67.0	437336.0	0.9970038747488525	0.23041501262872865	1.0	0.9104477611940298	0.6716417910447762	0.29850746268656714	0.04477611940298507
