Model	#pos	#neg	AUROC	AP	Rc|FPR1e-1	Rc|FPR1e-2	Rc|FPR1e-3	Rc|FPR1e-4	Rc|FPR1e-5
bass-model1	92.0	437336.0	0.9876032287581492	0.01870985331301418	1.0	0.5434782608695652	0.09782608695652174	0.021739130434782608	0.010869565217391304
bass-model2	92.0	437336.0	0.9893885066779815	0.10165595125780201	0.9782608695652174	0.7608695652173914	0.40217391304347827	0.13043478260869565	0.021739130434782608
bass-model3	92.0	437336.0	0.925604261294271	0.012504952364424405	0.782608695652174	0.44565217391304346	0.13043478260869565	0.03260869565217391	0.0
bass-model4	92.0	437336.0	0.9848311337179014	0.08019734335308543	0.967391304347826	0.75	0.40217391304347827	0.08695652173913043	0.010869565217391304
bass-model5	92.0	437336.0	0.9912226973430438	0.15216416928807977	1.0	0.7282608695652174	0.532608695652174	0.2391304347826087	0.010869565217391304
bass-model6	92.0	437336.0	0.933018568550616	0.05198822570156908	0.8478260869565217	0.4782608695652174	0.2717391304347826	0.09782608695652174	0.021739130434782608
bass-model-avg	92.0	437336.0	0.9686113993903271	0.06953674921299581	0.9293478260869564	0.6177536231884058	0.30615942028985504	0.10144927536231885	0.012681159420289856
bass-modelcomb123456	92.0	437336.0	0.9937898459924555	0.09307236886718588	1.0	0.7934782608695652	0.44565217391304346	0.13043478260869565	0.021739130434782608
