Model	#pos	#neg	AUROC	AP	Rc|FPR1e-1	Rc|FPR1e-2	Rc|FPR1e-3	Rc|FPR1e-4	Rc|FPR1e-5
bass-model1	143.0	447236.0	0.9985222989229822	0.6602394590664818	1.0	0.965034965034965	0.7972027972027972	0.5874125874125874	0.3776223776223776
bass-model2	143.0	447236.0	0.9977384009080921	0.7393106305029908	1.0	0.9370629370629371	0.8601398601398601	0.7202797202797203	0.43356643356643354
bass-model3	143.0	447236.0	0.9987810443721864	0.7006276608717902	1.0	0.972027972027972	0.8671328671328671	0.6573426573426573	0.3356643356643357
bass-model4	143.0	447236.0	0.9988031068467349	0.7314754206876004	1.0	0.972027972027972	0.8741258741258742	0.6923076923076923	0.4405594405594406
bass-model5	143.0	447236.0	0.9989119337941884	0.6649793636235338	1.0	0.9790209790209791	0.8531468531468531	0.6013986013986014	0.3076923076923077
bass-model6	143.0	447236.0	0.9989629386077794	0.7248113471169843	1.0	0.965034965034965	0.8881118881118881	0.6573426573426573	0.38461538461538464
bass-model-avg	143.0	447236.0	0.9986199539086607	0.7035739803115635	1.0	0.965034965034965	0.8566433566433567	0.6526806526806527	0.37995337995338
bass-modelcomb123456	143.0	447236.0	0.999257521896576	0.7947247054736621	1.0	0.972027972027972	0.9300699300699301	0.7482517482517482	0.5104895104895105
