Model	#pos	#neg	AUROC	AP	Rc|FPR1e-1	Rc|FPR1e-2	Rc|FPR1e-3	Rc|FPR1e-4	Rc|FPR1e-5
bass-model1	78.0	447236.0	0.9916698600704361	0.1888735992001668	0.9743589743589743	0.8461538461538461	0.5641025641025641	0.23076923076923078	0.07692307692307693
bass-model2	78.0	447236.0	0.9900014642644932	0.23644383700150046	0.9615384615384616	0.8717948717948718	0.6025641025641025	0.3076923076923077	0.07692307692307693
bass-model3	78.0	447236.0	0.9795423646002536	0.08850904203570356	0.9743589743589743	0.7692307692307693	0.3974358974358974	0.15384615384615385	0.0
bass-model4	78.0	447236.0	0.9888823253070541	0.1311397532621011	0.9743589743589743	0.782051282051282	0.46153846153846156	0.20512820512820512	0.0641025641025641
bass-model5	78.0	447236.0	0.9857895395558957	0.20961853277300052	0.9615384615384616	0.8717948717948718	0.6282051282051282	0.2948717948717949	0.05128205128205128
bass-model6	78.0	447236.0	0.989850049913417	0.15368906047674058	0.9871794871794872	0.8205128205128205	0.48717948717948717	0.19230769230769232	0.05128205128205128
bass-model-avg	78.0	447236.0	0.9876226006185916	0.16804563745820214	0.9722222222222222	0.8269230769230768	0.5235042735042735	0.2307692307692308	0.053418803418803416
bass-modelcomb123456	78.0	447236.0	0.9957954854787847	0.2658741752209181	1.0	0.9102564102564102	0.6666666666666666	0.34615384615384615	0.05128205128205128
