Model	#pos	#neg	AUROC	AP	Rc|FPR1e-1	Rc|FPR1e-2	Rc|FPR1e-3	Rc|FPR1e-4	Rc|FPR1e-5
bass-model1	78.0	437336.0	0.9916715153706849	0.19329050487757818	0.9743589743589743	0.8461538461538461	0.5641025641025641	0.23076923076923078	0.07692307692307693
bass-model2	78.0	437336.0	0.9900022302865884	0.24502309286475127	0.9615384615384616	0.8717948717948718	0.6025641025641025	0.3076923076923077	0.08974358974358974
bass-model3	78.0	437336.0	0.9795455486200131	0.08934157848686683	0.9743589743589743	0.7692307692307693	0.3974358974358974	0.15384615384615385	0.0
bass-model4	78.0	437336.0	0.9888859730217405	0.1324703125441309	0.9743589743589743	0.782051282051282	0.46153846153846156	0.20512820512820512	0.0641025641025641
bass-model5	78.0	437336.0	0.9857929601039018	0.21356577120425918	0.9615384615384616	0.8717948717948718	0.6282051282051282	0.2948717948717949	0.05128205128205128
bass-model6	78.0	437336.0	0.9898509794499377	0.15515673611179814	0.9871794871794872	0.8205128205128205	0.48717948717948717	0.19230769230769232	0.05128205128205128
bass-model-avg	78.0	437336.0	0.9876248678088112	0.17147466601489744	0.9722222222222222	0.8269230769230768	0.5235042735042735	0.2307692307692308	0.05555555555555555
bass-modelcomb123456	78.0	437336.0	0.9957971351488006	0.26816065737392025	1.0	0.9102564102564102	0.6666666666666666	0.34615384615384615	0.05128205128205128
