Model	#pos	#neg	AUROC	AP	Rc|FPR1e-1	Rc|FPR1e-2	Rc|FPR1e-3	Rc|FPR1e-4	Rc|FPR1e-5
bass-model1	181.0	437336.0	0.9975773965264528	0.6466011275098423	0.994475138121547	0.9613259668508287	0.7624309392265194	0.569060773480663	0.35359116022099446
bass-model2	181.0	437336.0	0.9983233620290888	0.7630754763727627	1.0	0.9723756906077348	0.8674033149171271	0.6740331491712708	0.4861878453038674
bass-model3	181.0	437336.0	0.9968264788912317	0.7227000309087517	0.994475138121547	0.9723756906077348	0.8674033149171271	0.6298342541436464	0.35359116022099446
bass-model4	181.0	437336.0	0.9967827687413711	0.7543275771100771	0.988950276243094	0.9558011049723757	0.9171270718232044	0.6574585635359116	0.4143646408839779
bass-model5	181.0	437336.0	0.9965962615744729	0.7186936273891714	0.988950276243094	0.9779005524861878	0.8453038674033149	0.6519337016574586	0.3812154696132597
bass-model6	181.0	437336.0	0.9953068311030715	0.7782247287997619	0.994475138121547	0.9723756906077348	0.9060773480662984	0.6850828729281768	0.46408839779005523
bass-model-avg	181.0	437336.0	0.9969021831442815	0.7306037613483944	0.9935543278084715	0.9686924493554327	0.8609576427255985	0.6445672191528545	0.4088397790055249
bass-modelcomb123456	181.0	437336.0	0.9986938371316358	0.823895457313961	0.994475138121547	0.9834254143646409	0.9226519337016574	0.7513812154696132	0.5303867403314917
