Model	#pos	#neg	AUROC	AP	Rc|FPR1e-1	Rc|FPR1e-2	Rc|FPR1e-3	Rc|FPR1e-4	Rc|FPR1e-5
bass-model1	78.0	437336.0	0.9888665078496238	0.008869036347074947	1.0	0.6666666666666666	0.02564102564102564	0.0	0.0
bass-model2	78.0	437336.0	0.9960331796757337	0.07605650472999696	1.0	0.9102564102564102	0.4230769230769231	0.11538461538461539	0.01282051282051282
bass-model3	78.0	437336.0	0.9484965910151579	0.005903863038407182	0.8333333333333334	0.358974358974359	0.0641025641025641	0.01282051282051282	0.0
bass-model4	78.0	437336.0	0.9944085706794471	0.1027441000685135	0.9871794871794872	0.9230769230769231	0.5	0.14102564102564102	0.01282051282051282
bass-model5	78.0	437336.0	0.9910969996430604	0.12972511579746265	0.9615384615384616	0.8974358974358975	0.5769230769230769	0.20512820512820512	0.0
bass-model6	78.0	437336.0	0.9672383271115138	0.015533047624119927	0.9615384615384616	0.5128205128205128	0.1794871794871795	0.02564102564102564	0.0
bass-model-avg	78.0	437336.0	0.9810233626624227	0.0564719446009292	0.9572649572649573	0.7115384615384616	0.2948717948717949	0.08333333333333333	0.004273504273504273
bass-modelcomb123456	78.0	437336.0	0.9967950476849813	0.06974318177783531	1.0	0.8974358974358975	0.46153846153846156	0.05128205128205128	0.0
