Model	#pos	#neg	AUROC	AP	Rc|FPR1e-1	Rc|FPR1e-2	Rc|FPR1e-3	Rc|FPR1e-4	Rc|FPR1e-5
bass-model1	181.0	437336.0	0.9967475226956742	0.4787304285589241	0.994475138121547	0.9281767955801105	0.6464088397790055	0.40331491712707185	0.22099447513812154
bass-model2	181.0	437336.0	0.9987173976603902	0.7834180243087567	1.0	0.9779005524861878	0.8784530386740331	0.7292817679558011	0.430939226519337
bass-model3	181.0	437336.0	0.9943118251266558	0.6729822970240447	0.9779005524861878	0.9502762430939227	0.8453038674033149	0.574585635359116	0.30386740331491713
bass-model4	181.0	437336.0	0.9981760360846742	0.7479233522631112	1.0	0.9723756906077348	0.8729281767955801	0.6629834254143646	0.43646408839779005
bass-model5	181.0	437336.0	0.9960434229261707	0.7142918591539474	0.988950276243094	0.9613259668508287	0.856353591160221	0.6464088397790055	0.3812154696132597
bass-model6	181.0	437336.0	0.9951862997331812	0.7681340234337535	0.994475138121547	0.9723756906077348	0.9005524861878453	0.7016574585635359	0.425414364640884
bass-model-avg	181.0	437336.0	0.9965304173711242	0.6942466641237562	0.992633517495396	0.9604051565377533	0.8333333333333334	0.6197053406998159	0.3664825046040516
bass-modelcomb123456	181.0	437336.0	0.998665880321913	0.8110800108512191	0.994475138121547	0.9834254143646409	0.9005524861878453	0.7624309392265194	0.46408839779005523
