Model	#pos	#neg	AUROC	AP	Rc|FPR1e-1	Rc|FPR1e-2	Rc|FPR1e-3	Rc|FPR1e-4	Rc|FPR1e-5
bass-model1	92.0	437336.0	0.9846273803208517	0.09344552726551136	0.9891304347826086	0.6956521739130435	0.34782608695652173	0.11956521739130435	0.043478260869565216
bass-model2	92.0	437336.0	0.9778710464185929	0.1516404670249731	0.9347826086956522	0.6956521739130435	0.42391304347826086	0.1956521739130435	0.07608695652173914
bass-model3	92.0	437336.0	0.9585556195574628	0.0653545625480059	0.8913043478260869	0.5652173913043478	0.31521739130434784	0.06521739130434782	0.043478260869565216
bass-model4	92.0	437336.0	0.9752019216545074	0.10696731688077135	0.9347826086956522	0.6847826086956522	0.3804347826086957	0.17391304347826086	0.043478260869565216
bass-model5	92.0	437336.0	0.9784990458038035	0.15427542117106993	0.9456521739130435	0.7065217391304348	0.42391304347826086	0.21739130434782608	0.05434782608695652
bass-model6	92.0	437336.0	0.9622022163239726	0.1964653451811977	0.9021739130434783	0.6304347826086957	0.4673913043478261	0.29347826086956524	0.06521739130434782
bass-model-avg	92.0	437336.0	0.9728262050131985	0.1280247733452549	0.9329710144927535	0.6630434782608695	0.39311594202898553	0.17753623188405798	0.05434782608695652
bass-modelcomb123456	92.0	437336.0	0.9877181786802466	0.18729748328353898	0.9782608695652174	0.7391304347826086	0.4891304347826087	0.25	0.05434782608695652
