Model	#pos	#neg	AUROC	AP	Rc|FPR1e-1	Rc|FPR1e-2	Rc|FPR1e-3	Rc|FPR1e-4	Rc|FPR1e-5
bass-model1	67.0	447236.0	0.9940098739815221	0.25252631392118874	0.9850746268656716	0.8656716417910447	0.6119402985074627	0.26865671641791045	0.13432835820895522
bass-model2	67.0	447236.0	0.9949216100538192	0.20484924951250896	1.0	0.8507462686567164	0.5671641791044776	0.26865671641791045	0.07462686567164178
bass-model3	67.0	447236.0	0.9950531977307249	0.10843035516253122	1.0	0.8805970149253731	0.5373134328358209	0.1791044776119403	0.014925373134328358
bass-model4	67.0	447236.0	0.9953631279248473	0.15305741481664661	1.0	0.8955223880597015	0.5522388059701493	0.208955223880597	0.04477611940298507
bass-model5	67.0	447236.0	0.9954776622659938	0.2020457108979733	0.9850746268656716	0.8955223880597015	0.5970149253731343	0.2835820895522388	0.08955223880597014
bass-model6	67.0	447236.0	0.9943653242343052	0.12015651474178454	1.0	0.7910447761194029	0.47761194029850745	0.14925373134328357	0.05970149253731343
bass-model-avg	67.0	447236.0	0.9948651326985355	0.1735109265087722	0.9950248756218905	0.86318407960199	0.5572139303482587	0.2263681592039801	0.06965174129353234
bass-modelcomb123456	67.0	447236.0	0.9970017832916822	0.2284275845462738	1.0	0.9104477611940298	0.6716417910447762	0.29850746268656714	0.04477611940298507
