Model	#pos	#neg	AUROC	AP	Rc|FPR1e-1	Rc|FPR1e-2	Rc|FPR1e-3	Rc|FPR1e-4	Rc|FPR1e-5
bass-model1	92.0	437336.0	0.976422938367555	0.0529716276918203	0.9782608695652174	0.6847826086956522	0.25	0.06521739130434782	0.021739130434782608
bass-model2	92.0	437336.0	0.9798974582074393	0.17073759703878497	0.9456521739130435	0.7282608695652174	0.4782608695652174	0.1956521739130435	0.07608695652173914
bass-model3	92.0	437336.0	0.936593461419774	0.055759567451344305	0.8369565217391305	0.532608695652174	0.30434782608695654	0.07608695652173914	0.03260869565217391
bass-model4	92.0	437336.0	0.9702862777480413	0.1148577091514843	0.9347826086956522	0.7282608695652174	0.41304347826086957	0.14130434782608695	0.021739130434782608
bass-model5	92.0	437336.0	0.9857150178432104	0.16148092844875517	0.9782608695652174	0.75	0.44565217391304346	0.25	0.03260869565217391
bass-model6	92.0	437336.0	0.9620667369671394	0.18956247275378674	0.9347826086956522	0.6521739130434783	0.4673913043478261	0.2608695652173913	0.05434782608695652
bass-model-avg	92.0	437336.0	0.96849698175886	0.12422831708932931	0.9347826086956522	0.6793478260869565	0.39311594202898553	0.1648550724637681	0.03985507246376812
bass-modelcomb123456	92.0	437336.0	0.9901899499618639	0.18561066293998524	0.9891304347826086	0.7391304347826086	0.5108695652173914	0.2608695652173913	0.03260869565217391
