Model	#pos	#neg	AUROC	AP	Rc|FPR1e-1	Rc|FPR1e-2	Rc|FPR1e-3	Rc|FPR1e-4	Rc|FPR1e-5
bass-model1	78.0	447236.0	0.9888621587042555	0.008672517785475006	1.0	0.6666666666666666	0.02564102564102564	0.0	0.0
bass-model2	78.0	447236.0	0.9960349047631825	0.07298089201437184	1.0	0.9102564102564102	0.4230769230769231	0.10256410256410256	0.01282051282051282
bass-model3	78.0	447236.0	0.9484711192461688	0.005781465902740765	0.8333333333333334	0.358974358974359	0.0641025641025641	0.01282051282051282	0.0
bass-model4	78.0	447236.0	0.9944015102678537	0.10116824535212926	0.9871794871794872	0.9230769230769231	0.5	0.15384615384615385	0.01282051282051282
bass-model5	78.0	447236.0	0.9910951620563548	0.12617845490553475	0.9615384615384616	0.8974358974358975	0.5769230769230769	0.1794871794871795	0.0
bass-model6	78.0	447236.0	0.9672359066549159	0.015211843866919848	0.9615384615384616	0.5128205128205128	0.1794871794871795	0.02564102564102564	0.0
bass-model-avg	78.0	447236.0	0.9810167936154551	0.054998903304528585	0.9572649572649573	0.7115384615384616	0.2948717948717949	0.07905982905982906	0.004273504273504273
bass-modelcomb123456	78.0	447236.0	0.9967909732049918	0.06808704890502362	1.0	0.8974358974358975	0.46153846153846156	0.05128205128205128	0.0
