Model	#pos	#neg	AUROC	AP	Rc|FPR1e-1	Rc|FPR1e-2	Rc|FPR1e-3	Rc|FPR1e-4	Rc|FPR1e-5
bass-model1	65.0	437336.0	0.9960138376266936	0.17484570644394146	1.0	0.8769230769230769	0.6307692307692307	0.24615384615384617	0.06153846153846154
bass-model2	65.0	437336.0	0.9956112251660755	0.22856294991049114	1.0	0.9384615384615385	0.6461538461538462	0.3076923076923077	0.1076923076923077
bass-model3	65.0	437336.0	0.9931763432024102	0.11032134778988212	0.9846153846153847	0.8307692307692308	0.5230769230769231	0.09230769230769231	0.06153846153846154
bass-model4	65.0	437336.0	0.9947598115020874	0.18602400424854074	0.9846153846153847	0.8461538461538461	0.5538461538461539	0.2923076923076923	0.06153846153846154
bass-model5	65.0	437336.0	0.9964926105047203	0.23803119154499003	1.0	0.9230769230769231	0.6461538461538462	0.3384615384615385	0.09230769230769231
bass-model6	65.0	437336.0	0.9969490805168637	0.3059970221169159	1.0	0.9230769230769231	0.6307692307692307	0.38461538461538464	0.16923076923076924
bass-model-avg	65.0	437336.0	0.9955004847531418	0.2072970370091269	0.9948717948717949	0.8897435897435898	0.6051282051282051	0.2769230769230769	0.09230769230769231
bass-modelcomb123456	65.0	437336.0	0.9969644533124329	0.27971863424919724	1.0	0.9076923076923077	0.6923076923076923	0.35384615384615387	0.06153846153846154
