Model	#pos	#neg	AUROC	AP	Rc|FPR1e-1	Rc|FPR1e-2	Rc|FPR1e-3	Rc|FPR1e-4	Rc|FPR1e-5
bass-model1	181.0	437336.0	0.9938791325420095	0.1089493771674562	1.0	0.8397790055248618	0.34806629834254144	0.07734806629834254	0.011049723756906077
bass-model2	181.0	437336.0	0.9980183889863763	0.6516557846471254	1.0	0.9558011049723757	0.8176795580110497	0.5911602209944752	0.24861878453038674
bass-model3	181.0	437336.0	0.9807584130416129	0.4693138432460151	0.9558011049723757	0.850828729281768	0.6629834254143646	0.3867403314917127	0.20994475138121546
bass-model4	181.0	437336.0	0.9966252353399948	0.646398907260132	0.9834254143646409	0.9613259668508287	0.7900552486187845	0.6132596685082873	0.287292817679558
bass-model5	181.0	437336.0	0.9978983629361377	0.5966365596143112	1.0	0.9281767955801105	0.8176795580110497	0.574585635359116	0.143646408839779
bass-model6	181.0	437336.0	0.9865520860252133	0.4962966871949912	0.9723756906077348	0.856353591160221	0.6629834254143646	0.46408839779005523	0.19889502762430938
bass-model-avg	181.0	437336.0	0.9922886031452242	0.49487519318833845	0.9852670349907919	0.8987108655616942	0.6832412523020257	0.45119705340699817	0.1832412523020258
bass-modelcomb123456	181.0	437336.0	0.9978307259007752	0.6450162842141944	1.0	0.9558011049723757	0.8121546961325967	0.585635359116022	0.20441988950276244
