Model	#pos	#neg	AUROC	AP	Rc|FPR1e-1	Rc|FPR1e-2	Rc|FPR1e-3	Rc|FPR1e-4	Rc|FPR1e-5
bass-model1	181.0	447236.0	0.9938775140359973	0.1059908372341744	1.0	0.8342541436464088	0.34806629834254144	0.07734806629834254	0.011049723756906077
bass-model2	181.0	447236.0	0.9980179671044183	0.6438045967117594	1.0	0.9558011049723757	0.8176795580110497	0.5911602209944752	0.2265193370165746
bass-model3	181.0	447236.0	0.9807552135204527	0.46780142193872254	0.9558011049723757	0.850828729281768	0.6629834254143646	0.3867403314917127	0.20994475138121546
bass-model4	181.0	447236.0	0.9966242500467821	0.6449878085091053	0.9834254143646409	0.9613259668508287	0.7900552486187845	0.6187845303867403	0.287292817679558
bass-model5	181.0	447236.0	0.9978957245507816	0.5923484275221829	1.0	0.9281767955801105	0.8176795580110497	0.5359116022099447	0.143646408839779
bass-model6	181.0	447236.0	0.9865510399072926	0.4947330618233675	0.9723756906077348	0.856353591160221	0.6629834254143646	0.46408839779005523	0.19889502762430938
bass-model-avg	181.0	447236.0	0.9922869515276208	0.4916110256232187	0.9852670349907919	0.8977900552486187	0.6832412523020257	0.44567219152854515	0.17955801104972377
bass-modelcomb123456	181.0	447236.0	0.9978292326559861	0.6428097468174694	1.0	0.9558011049723757	0.8121546961325967	0.585635359116022	0.20441988950276244
