Model	#pos	#neg	AUROC	AP	Rc|FPR1e-1	Rc|FPR1e-2	Rc|FPR1e-3	Rc|FPR1e-4	Rc|FPR1e-5
bass-model1	143.0	437336.0	0.9985235784209571	0.6641806955449676	1.0	0.965034965034965	0.7972027972027972	0.5874125874125874	0.3776223776223776
bass-model2	143.0	437336.0	0.9977383090321426	0.7445964429547566	1.0	0.9370629370629371	0.8601398601398601	0.7202797202797203	0.4405594405594406
bass-model3	143.0	437336.0	0.9987805698609291	0.7020767776271887	1.0	0.972027972027972	0.8671328671328671	0.6573426573426573	0.3356643356643357
bass-model4	143.0	437336.0	0.9988042990357001	0.7329056575691344	1.0	0.972027972027972	0.8741258741258742	0.6923076923076923	0.4405594405594406
bass-model5	143.0	437336.0	0.9989133509035827	0.6684928905896199	1.0	0.9790209790209791	0.8531468531468531	0.6153846153846154	0.3076923076923077
bass-model6	143.0	437336.0	0.9989624562241498	0.7261967977664856	1.0	0.965034965034965	0.8881118881118881	0.6573426573426573	0.38461538461538464
bass-model-avg	143.0	437336.0	0.9986204272462436	0.7064082103420256	1.0	0.965034965034965	0.8566433566433567	0.655011655011655	0.3811188811188811
bass-modelcomb123456	143.0	437336.0	0.9992583513583385	0.7962253279205145	1.0	0.972027972027972	0.9300699300699301	0.7482517482517482	0.5104895104895105
