Model	#pos	#neg	AUROC	AP	Rc|FPR1e-1	Rc|FPR1e-2	Rc|FPR1e-3	Rc|FPR1e-4	Rc|FPR1e-5
bass-model1	78.0	437336.0	0.9910014033685536	0.05630444989963565	0.9871794871794872	0.8205128205128205	0.34615384615384615	0.0641025641025641	0.02564102564102564
bass-model2	78.0	437336.0	0.9936976228568962	0.20366588036081082	0.9871794871794872	0.9102564102564102	0.6282051282051282	0.28205128205128205	0.05128205128205128
bass-model3	78.0	437336.0	0.969469126712642	0.042225207341133074	0.9358974358974359	0.717948717948718	0.2692307692307692	0.07692307692307693	0.0
bass-model4	78.0	437336.0	0.990489533834925	0.12610114082001248	0.9743589743589743	0.782051282051282	0.46153846153846156	0.20512820512820512	0.038461538461538464
bass-model5	78.0	437336.0	0.9915516462610687	0.21006482329731552	0.9743589743589743	0.9102564102564102	0.6538461538461539	0.32051282051282054	0.01282051282051282
bass-model6	78.0	437336.0	0.9837763360260937	0.119992913822469	0.9743589743589743	0.8717948717948718	0.5384615384615384	0.16666666666666666	0.02564102564102564
bass-model-avg	78.0	437336.0	0.9866642781766966	0.1263924025902294	0.9722222222222223	0.8354700854700855	0.4829059829059829	0.1858974358974359	0.025641025641025644
bass-modelcomb123456	78.0	437336.0	0.9964618825025927	0.20069666583684798	1.0	0.8974358974358975	0.6794871794871795	0.3076923076923077	0.01282051282051282
